{
  "name": "Layout_20260105_2460",
  "description": "Saved on 5/1/2026, 4:28:56 pm",
  "timestamp": "2026-01-05T10:58:56.411Z",
  "layout": {
    "H": {
      "x": 130.7755126953125,
      "y": 94.1496671040853
    },
    "D": {
      "x": 403.91839599609375,
      "y": 37.986390431722015
    },
    "S1PrPG1": {
      "x": 606.5305786132812,
      "y": 47.12926133473715
    },
    "S1PG1": {
      "x": 839.1836547851562,
      "y": 10.557824452718108
    },
    "PrW": {
      "x": 1050.938720703125,
      "y": 113.74150212605795
    },
    "W": {
      "x": 70.6938705444336,
      "y": 274.5033671061198
    },
    "PrC": {
      "x": 503.1837158203125,
      "y": 211.80953470865887
    },
    "C": {
      "x": 778.9387817382812,
      "y": 288.8707682291667
    },
    "S1PrPG2": {
      "x": 823.5101928710938,
      "y": 158.2585169474284
    },
    "S1PG2": {
      "x": 1056.1632080078125,
      "y": 312.3809458414714
    },
    "PrAdCon": {
      "x": 69.38777160644531,
      "y": 405.2245178222656
    },
    "AdConP": {
      "x": 400,
      "y": 400
    },
    "S1PrDG1": {
      "x": 600,
      "y": 400
    },
    "S1DG1": {
      "x": 800,
      "y": 400
    },
    "S1PrDG2": {
      "x": 1000,
      "y": 400
    },
    "S1DG2": {
      "x": 200,
      "y": 533.3333333333334
    },
    "S2PrPG1": {
      "x": 400,
      "y": 533.3333333333334
    },
    "S2PG1": {
      "x": 600,
      "y": 533.3333333333334
    },
    "S2PrPG2": {
      "x": 800,
      "y": 533.3333333333334
    },
    "S2PG2": {
      "x": 1000,
      "y": 533.3333333333334
    },
    "S2PrDG1": {
      "x": 200,
      "y": 666.6666666666667
    },
    "S2DG1": {
      "x": 400,
      "y": 666.6666666666667
    },
    "S2PrDG2": {
      "x": 600,
      "y": 666.6666666666667
    },
    "S2DG2": {
      "x": 800,
      "y": 666.6666666666667
    }
  },
  "viewState": {
    "scale": 1,
    "pan": {
      "x": 39,
      "y": 46
    },
    "showGrid": false,
    "snapToGrid": false
  }
}